visit_date,waterpoint_name,waterpoint_type,latitude,longitude,govt_staff_available,committee_permission,functionality_survey,status_changed,photo_waterpoint,water_available,latrines_within_50m,cemetery_within_50m,waste_within_50m,river_within_50m,lake_within_50m,flood_area,difficult_access,flowrate_possible,flowrate_seconds,strokes_to_discharge,water_available_today,reason_no_water,seasonal_variation,when_no_water,pumphead_disassemble,reason_no_disassemble,reason_no_disassemble_other,install_date,borehole_age,pump_manufacturer,pump_manufacturer_other,drilling_contractor,install_depth,static_water_level,pumping_test_info,drilling_report_info,water_quality_info,repaired_before,repair_attempts,borehole_issues,borehole_issues_other,operational_feel,operational_feel_other,parts_for_repair,photo_parts
2/6/2020,Chiradzulu trading borehole,Borehole or tubewell,-15.699839,35.1843317,Yes,Yes,Yes,Yes,https://api.mwater.co/v3/images/bbb0e0df929e4a46afae416db498a85f,Yes,Yes,No,No,Yes,No,No,No,Yes,76.101,13,Yes,NA,No,NA,Yes,NA,NA,9/1/2001,19,Ajay,NA,Mozagua,32,NA,No,No,No,Yes,Countless times,Other,"Cylinder not ok, cupseal not ok",Normal/satisfactory,NA,"Pump Head, Cup Seal , Fulcrum Pin, Rods, Civil works, Apron",https://api.mwater.co/v3/images/8857037d61b7459696d528ca9a7337ad; https://api.mwater.co/v3/images/93fa669a39974dd488bf694e7f5fcd48; https://api.mwater.co/v3/images/9ee3085c01a14bb48a2fcb9f38360a32; https://api.mwater.co/v3/images/6307b17a465347379e5853498dedf1b8; https://api.mwater.co/v3/images/a007740c0dba42299343fb9984bd6875
2/10/2020,Chanje 1  borehole,Borehole or tubewell,-15.7679489,35.2658377,Yes,Yes,Yes,No,https://api.mwater.co/v3/images/0e0d8a6496d04a8b92bfa7ca9844f52c,Yes,No,No,No,No,No,No,No,Yes,71.419,8,Yes,NA,No,NA,Yes,NA,NA,9/10/2013,9,Other,Indo afro industries,China Ghasu,52,226,Yes,Yes,Yes,Yes,More than twice,Other,Fast waring parts such as bush bearings and load centilizers,Significant sideways movement on handle (loose/wobbly),NA,"Cup Seal , Fulcrum Pin, Bush Bearings, Centralisers",https://api.mwater.co/v3/images/45b5e40d207e4ce6b371f8161d29e669; https://api.mwater.co/v3/images/edd84687a02b49abbe49406f5e3c5a98; https://api.mwater.co/v3/images/830cd0766b5c4fcbb083b691ac5609d6; https://api.mwater.co/v3/images/27a3368afa6140f39e5ad971c0c5dc4a; https://api.mwater.co/v3/images/324ee0af8f0a4e8e8d95b776864ad200
2/10/2020,Baluwa2 borehole,Borehole or tubewell,-15.7626039,35.2596398,Yes,Yes,Yes,No,https://api.mwater.co/v3/images/78213ad7d1aa45a78d45ff7949ab7b40,Yes,No,No,No,No,No,No,No,Yes,79.673,5,Yes,NA,No,NA,Yes,NA,NA,2/21/2014,6,Apex International,NA,Mozagua,48,121,Yes,Yes,Yes,Yes,More than 4 times,Other,Work out parts such as road centilizers and bush bearing and fulcrum pin,Significant sideways movement on handle (loose/wobbly),NA,"Bush Bearings, Fulcrum Pin, Centralisers",https://api.mwater.co/v3/images/fa4085c66170401cac3b982bfddfd7d2; https://api.mwater.co/v3/images/29afa2c6fbc04b03ab64f69c9f46ca4a; https://api.mwater.co/v3/images/92b8a444a4244f7389d89c1191309a4c; https://api.mwater.co/v3/images/5e7b0546cbca45e38c228f93dfc225bc
2/10/2020,Nkupu borehole 3,Borehole or tubewell,-15.6752459,35.1952452,Yes,Yes,Yes,No,https://api.mwater.co/v3/images/9b787b3223214ecda92f4d18d4464f9e,No,No,No,No,Yes,No,No,No,NA,NA,NA,No,Vandalism,Yes,"August, September, October, November",No,Other,Vandorised water point,9/17/2014,6,Could Not Determine (No plaque available),NA,Kayeleso,45,NA,No,No,No,No,More than 4 times,Not enough water to meet 250 people demand,NA,Other,No handle,NA,https://api.mwater.co/v3/images/36dfffca720d4259ade7611acb3e253a
2/10/2020,Nkupu borehole 4,Borehole or tubewell,-15.673584,35.1944046,Yes,Yes,Yes,Yes,https://api.mwater.co/v3/images/d7a5b7dbb29b48478294cb1e81c960a2,No,No,No,No,Yes,No,No,No,NA,NA,NA,No,"System is down for maintenance or repair, Theft, Vandalism",Yes,"August, September, October, November, December",No,Other,No Head pump is available due to vandalism,2/19/2015,5,Could Not Determine (No plaque available),NA,Unknown,NA,NA,No,No,No,Yes,More than 4 times,Not enough water to meet 250 people demand,NA,Other,No handle,NA,https://api.mwater.co/v3/images/471736eb2817478a94afbb44e716572d
2/10/2020,Ndanga 3 borehole,Borehole or tubewell,-15.7675495,35.2509629,Yes,Yes,Yes,No,https://api.mwater.co/v3/images/29e97a5f5c1a4f86b70341bc7e7f0472,Yes,Yes,No,No,No,No,No,No,Yes,59.088,4,Yes,NA,No,NA,Yes,NA,NA,5/15/2013,7,Maya Engineering,NA,Islamic relief Aid,46,27,Yes,Yes,Yes,Yes,More than 4 times,Other,The parts easly worn out such as pipes,Significant sideways movement on handle (loose/wobbly),NA,"Bush Bearings, Pipe, Centralisers",https://api.mwater.co/v3/images/d42d4b0ec0104421a9a963be411fdd67; https://api.mwater.co/v3/images/0b684670f1784d9ba94dd50867040948
2/10/2020,Chingombe borehole 3,Borehole or tubewell,-15.6515247,35.1918826,Yes,Yes,Yes,No,https://api.mwater.co/v3/images/81207211ac564cb08c7744dc8599e922,No,No,No,No,No,No,No,Yes,NA,NA,NA,No,"System is down for maintenance or repair, Theft, Vandalism",Don't know,NA,No,Other,No pump head available due to vandalism,1/1/2014,6,Could Not Determine (No plaque available),NA,Unknown,45,NA,No,No,No,Yes,Countless times,Other,Vandalism,Other,No handle available,NA,https://api.mwater.co/v3/images/75e3c04b5426415ea3636f12b15f4956
2/10/2020,Baluwa2 borehole,Borehole or tubewell,-15.7626039,35.2596398,Yes,Yes,Yes,No,https://api.mwater.co/v3/images/c13ac91467b6480080f259ef6ef8c5c4,Yes,No,No,No,No,No,No,No,Yes,79.635,5,Yes,NA,No,NA,Yes,NA,NA,2/21/2014,6,Apex International,NA,DAPP,48,12,Yes,Yes,Yes,Yes,"Countless times, More than 4 times",Other,Wornout parts such as bush bearings and centilizers,Significant sideways movement on handle (loose/wobbly),NA,"Bush Bearings, Centralisers, Fulcrum Pin",https://api.mwater.co/v3/images/f78b81b3fbfd4014bf85155697b82e65; https://api.mwater.co/v3/images/9e74b04311bb4b50893cb4b6a58f48a5; https://api.mwater.co/v3/images/212adee06aad4e7f83cf928f6c69d27c
2/10/2020,Mwanje Primary school borehole,Borehole or tubewell,-15.6539479,35.1930795,Yes,Yes,Yes,No,https://api.mwater.co/v3/images/d3af7bc14ae74669ac2745b4770c14bf,Yes,No,No,No,No,No,No,No,Yes,65.762,4,Yes,NA,Yes,"July , August, September, October, November",Yes,NA,NA,10/30/2014,6,Other,ESS  Enterprises  (Malawi),Unknown,NA,6,No,No,No,Yes,Countless times,"Not enough water to meet 250 people demand, Other",Low yield,Significant sideways movement on handle (loose/wobbly),NA,"Bush Bearings, Rods, Centralisers",https://api.mwater.co/v3/images/6b57fcb76606486ab8860d780876f9ed; https://api.mwater.co/v3/images/a39cbd04489448f1bba9d06b716852ad
2/10/2020,Ngokwe borehole 1,Borehole or tubewell,-15.7689054,35.2439548,Yes,Yes,Yes,No,https://api.mwater.co/v3/images/4eac06c78f14403d92fb203754ce118d,No,No,No,No,No,No,No,No,NA,NA,NA,No,Theft,No,NA,No,Other,It's no longer there due to theft,9/12/2015,5,Other,It's not there( pump head and cover),China Ghasu,51,NA,Yes,Yes,Yes,Yes,Countless times,Other,Theft,Other,Only pedestal is left,NA,https://api.mwater.co/v3/images/a9f8a423633f406597350a593e991073
2/10/2020,Sitimoya borehole,Borehole or tubewell,-15.6773547,35.1983052,Yes,Yes,Yes,No,https://api.mwater.co/v3/images/33538e4863a64c42b8a38f6e276f65ff,No,No,No,No,No,No,No,No,NA,NA,NA,No,"System is down for maintenance or repair, Theft, Vandalism",Don't know,NA,No,Other,Vandalised hand pump,11/4/2013,7,Could Not Determine (No plaque available),NA,Unknown,NA,NA,No,No,No,Yes,More than 4 times,Other,Vandalism,Other,No handle available due to vandalism,NA,https://api.mwater.co/v3/images/21af9b88e6b74466a41cd2d982af87d9
2/11/2020,Sitimoya borehole 3,Borehole or tubewell,-15.6727753,35.1964553,Yes,Yes,Yes,No,https://api.mwater.co/v3/images/763264c2065744b49b004cdef571970f,Yes,Yes,No,No,No,No,No,No,Yes,65.26,1,Yes,NA,No,NA,Yes,NA,NA,7/4/2018,2,Apex International,NA,Evrflesh,39,584,Yes,Yes,Yes,Yes,More than 4 times,"It is not straight, Some collapsing happened in the borehole",NA,Normal/satisfactory,NA,Centralisers,https://api.mwater.co/v3/images/b86b0c0143c84e2b83effd9f90f42edc; https://api.mwater.co/v3/images/746bba5efced4833bf588c52da36e798
2/11/2020,Masanjala borehole 2,Borehole or tubewell,-15.6752919,35.2205322,Yes,Yes,Yes,No,https://api.mwater.co/v3/images/943f61e8a3f347d4b0e154a61650fee0,Yes,Yes,No,No,No,No,No,No,Yes,54.279,3,Yes,NA,No,NA,Yes,NA,NA,9/1/1998,22,AOV International,NA,Unknown,NA,822,No,No,No,Yes,Countless times,Other,No any other issues,Normal/satisfactory,NA,"Apron, Civil works, Centralisers, Bush Bearings",https://api.mwater.co/v3/images/4d0f1b01da5340a3a53093f4b92b56a9; https://api.mwater.co/v3/images/97e62b7a27734384ad53ad89abcd6322
2/11/2020,Liundi  borehole 1,Borehole or tubewell,-15.685171800000001,35.2178016,Yes,Yes,Yes,Yes,https://api.mwater.co/v3/images/2a771e31a1204bf9adca84ca67aec9ca,No,No,No,No,No,No,No,No,NA,NA,NA,No,Theft,No,NA,No,Other,Pump head has been stolen,9/15/2014,6,Other,Unknown,Kayeleso,NA,NA,No,No,No,Yes,Countless times,Other,No any other issues,Other,No handle available,NA,https://api.mwater.co/v3/images/a84745fb32fc4163b012b72dc7fcc959
2/11/2020,Chisawo borehole 2,Borehole or tubewell,-15.6860032,35.2157101,Yes,Yes,Yes,No,https://api.mwater.co/v3/images/3c82fba04136459b9756cee19aedc655,Yes,Yes,No,No,No,No,No,No,Yes,48.073,5,Yes,NA,No,NA,Yes,NA,NA,11/12/2013,7,Apex International,NA,KCL,NA,270,No,No,No,Yes,Countless times,Other,No any other issues,Significant sideways movement on handle (loose/wobbly),NA,Bush Bearings,https://api.mwater.co/v3/images/0a8fdfc5ba094fb7b6e908c5354479fa
2/11/2020,Mtetemera mosque  borehole,Borehole or tubewell,-15.762543,35.2631471,Yes,Yes,Yes,No,https://api.mwater.co/v3/images/e59c6b5f69f54f5a930f1e776aee3b18,Yes,Yes,No,No,No,No,No,No,Yes,62.419,4,Yes,NA,No,NA,Yes,NA,NA,9/10/2016,4,Maya Engineering,NA,Islamic relief,46,221,Yes,Yes,Yes,No,Not even once,Other,Wornout parts such centilizers and bush bearing,Normal/satisfactory,NA,"Bush Bearings, Centralisers",https://api.mwater.co/v3/images/19cccdcd736f4b01a5e7a8422b71aada; https://api.mwater.co/v3/images/bbaad1e4662c4448804bbfc88489cdda
2/11/2020,Mtalika,Borehole or tubewell,-15.7753442,35.2446739,Yes,Yes,Yes,No,https://api.mwater.co/v3/images/324f876404e84030a8272212675140be,Yes,Yes,No,No,No,No,No,No,Yes,61.951,2,Yes,NA,No,NA,Yes,NA,NA,5/26/2016,4,Apex International,NA,China Ghasu,46,212,Yes,Yes,Yes,Yes,More than twice,Other,Wornout parts such as centralisers,Significant friction (very stiff) at all times,NA,Centralisers,https://api.mwater.co/v3/images/b38a825c7373405b8db56fbcf9de9e0a; https://api.mwater.co/v3/images/eab8bfea2bfa4ff784d5d2e160b42352
2/11/2020,Nakhule 2 borehole,Borehole or tubewell,-15.68345,35.2359875,Yes,Yes,No,NA,https://api.mwater.co/v3/images/27c527f30bf64298840f9977f164cbd7,Yes,Yes,No,No,No,No,No,No,Yes,60.682,1,Yes,NA,No,NA,No,The handpump is locked,NA,1/27/2015,5,AOV International,NA,KCL,NA,NA,No,No,No,Yes,Countless times,Other,No any other issues,Normal/satisfactory,NA,NA,https://api.mwater.co/v3/images/10865dd0368d4115b21c55aeed3f17d6
2/11/2020,Mtulumbwa borehole,Borehole or tubewell,-15.7696928,35.2213983,Yes,Yes,Yes,Yes,https://api.mwater.co/v3/images/423492a32db34b0ba9b824a57d83668a,Yes,No,No,No,No,No,No,No,Yes,59.991,6,Yes,NA,No,NA,Yes,NA,NA,10/31/2016,6,Apex International,NA,KCL,45,189,Yes,Yes,Yes,Yes,More than twice,Other,"Wornout parts such as rod centilizers, fulcrum and bush bearing",Normal/satisfactory,NA,"Bush Bearings, Centralisers, Fulcrum Pin",https://api.mwater.co/v3/images/59e5a70c3e574e7981beb65d8e4585e0; https://api.mwater.co/v3/images/e6dad3c9f57b45108c76011200cfbf0c; https://api.mwater.co/v3/images/c3908d07b58742c793cb0bd997b20f3c
2/11/2020,Kadewere3 borehole,Borehole or tubewell,-15.6962037,35.2328238,Yes,Yes,Yes,No,https://api.mwater.co/v3/images/9dc8d6ac3d0f4e0db6f1acf28136040f,Yes,Yes,No,Yes,No,No,No,No,Yes,60.789,1,Yes,NA,No,NA,Yes,NA,NA,9/3/2013,7,Could Not Determine (No plaque available),NA,China Gatsu,NA,285,No,No,No,Yes,Countless times,Other,No any other issues,Normal/satisfactory,NA,"Centralisers, Civil works",https://api.mwater.co/v3/images/fe2a6fd08a064f39aadf7ba6021fa364; https://api.mwater.co/v3/images/04c814b814ad41eb9a8f2885eeac655d
2/11/2020,Likalawe borehole 2,Borehole or tubewell,-15.7700678,35.2192041,Yes,Yes,Yes,Yes,https://api.mwater.co/v3/images/3607635b5df14d8e887a779b694a8633,No,No,No,No,No,No,No,No,NA,NA,NA,No,Pipeline blockage / breakage,No,NA,Yes,NA,NA,9/27/2014,6,Other,ESS,Drill Tech,39,241,Yes,Yes,Yes,Yes,More than 4 times,Other,It's not fuctional due to pipe blockage,Other,The handle has been removed and kept safe until it is mainted again,"Pipe, Bush Bearings, Centralisers",NA
2/11/2020,Noniwa2,Borehole or tubewell,-15.7086783,35.2276719,Yes,Yes,Yes,No,https://api.mwater.co/v3/images/cc505c29b3d04d138494063e225d79c4,Yes,Yes,No,No,No,No,No,No,Yes,62.562,1,Yes,NA,No,NA,No,The handpump is locked,NA,2/10/2014,6,AOV International,NA,KCL,NA,NA,No,No,No,No,Not even once,Other,Lack of preventive maintenance Bush bearing not ok,Significant sideways movement on handle (loose/wobbly),NA,NA,https://api.mwater.co/v3/images/aa423ca1e96a4d80a6348b87ed952f04
2/11/2020,Pemba borehole,Borehole or tubewell,-15.7775867,35.1965383,Yes,Yes,Yes,No,https://api.mwater.co/v3/images/9d677cd20ae948a18c0dc5f410665311,Yes,No,No,No,No,No,No,No,Yes,59.494,5,Yes,NA,No,NA,No,The handpump is locked,NA,10/31/2014,6,NA,NA,ESS,40,NA,Yes,Yes,Yes,Yes,More than 4 times,Other,Wornout parts such as bush bearings and centralisers,Significant sideways movement on handle (loose/wobbly),NA,NA,NA
2/11/2020,Chimpere borehole,Borehole or tubewell,-15.7724534,35.1960503,Yes,Yes,Yes,No,https://api.mwater.co/v3/images/39e2d482dad643a88157088fa74317f3,Yes,No,No,No,No,No,No,No,Yes,87.673,32,Yes,NA,No,NA,Yes,NA,NA,9/13/2013,7,Ajay,NA,China Gansu,40,279,Yes,Yes,Yes,Yes,More than twice,Other,Wornout parts such as centralisers,Significant sideways movement on handle (loose/wobbly),NA,"Centralisers, Plunger",https://api.mwater.co/v3/images/a0b7a4b0a12d4624bc8710f156ccfc9a
2/11/2020,Kanyenda borehole 4,Borehole or tubewell,-15.7121638,35.2604817,Yes,Yes,Yes,No,https://api.mwater.co/v3/images/9c19c1606b4f4138922dd2fb70b67111,Yes,No,No,No,No,No,No,No,Yes,53.76,3,Yes,NA,No,NA,No,The handpump is locked,NA,1/22/2015,5,AOV International,NA,Mozagua,46,NA,Yes,Yes,Yes,Yes,More than twice,Not enough water to meet 250 people demand,NA,Other,Wornout rods,NA,NA
2/12/2020,Nanlaku borehole,Borehole or tubewell,-15.7117164,35.2468402,Yes,Yes,Yes,No,https://api.mwater.co/v3/images/a94d38cb819c41ca8a388d7d5aa7a901,No,No,No,No,No,No,No,No,NA,NA,NA,No,Vandalism,No,NA,Yes,NA,NA,10/31/2014,6,Could Not Determine (No plaque available),NA,KCL,46,2.78,No,No,No,Yes,Countless times,Other,No any other issues,Other,No handle available,"Fulcrum Pin, Pump Head, Bush Bearings, Hanger Pin, Centralisers",https://api.mwater.co/v3/images/9320f5140d4c418cbf10b481de4c5e32
2/12/2020,kanyenda salvation army  church borehole,Borehole or tubewell,-15.7212184,35.2655769,Yes,Yes,Yes,No,https://api.mwater.co/v3/images/af5da02478cc48ae8f3ee975a917056f,Yes,Yes,No,No,No,No,No,No,Yes,75.743,1,Yes,NA,No,NA,Yes,NA,NA,9/1/2008,12,Could Not Determine (No plaque available),NA,Unknown,NA,3.34,No,No,No,Yes,Countless times,Other,No Any other issues,Normal/satisfactory,NA,Apron,https://api.mwater.co/v3/images/4c104161c5f042dd8e2e662b5b1036b8
2/12/2020,Balala borehole 1,Borehole or tubewell,-15.7238059,35.2710081,Yes,Yes,Yes,No,https://api.mwater.co/v3/images/ef9b6b1a950347aba3c227b004050601,Yes,Yes,No,No,No,No,No,No,Yes,69.672,2,Yes,NA,No,NA,No,The handpump is locked,NA,9/14/2014,6,Maya Engineering,NA,Unknown,NA,NA,No,No,No,Yes,Countless times,"It is shallow, Not enough water to meet 250 people demand",NA,Significant sideways movement on handle (loose/wobbly),NA,NA,https://api.mwater.co/v3/images/aff43b5a51ec46c1b3b7cf3855588e81
2/12/2020,Kadewere borehole 1,Borehole or tubewell,-15.6995506,35.2365836,Yes,Yes,Yes,No,https://api.mwater.co/v3/images/942d3cee13214627a72a3b166c0397f6,Yes,Yes,No,No,No,No,No,No,Yes,71.781,3,Yes,NA,No,NA,Yes,NA,NA,1/30/2015,5,AOV International,NA,KCL,52,13,Yes,Yes,Yes,Yes,More than twice,"Not enough water to meet 250 people demand, Other",Wornout parts such as rod centralisers and cup seal,Normal/satisfactory,NA,"Centralisers, Cup Seal",https://api.mwater.co/v3/images/b135d9c88b694891a86b62262f0cbbf1; https://api.mwater.co/v3/images/45c633c856e44d5087e51c391af03a26
2/12/2020,Nakuba borehole,Borehole or tubewell,-15.7198369,35.303208,Yes,Yes,Yes,No,https://api.mwater.co/v3/images/b64878efdcb04988abdfa27a9964a87c,Yes,No,No,No,No,No,No,No,Yes,76.335,1,Yes,NA,No,NA,Yes,NA,NA,9/1/2001,19,Other,Unknown,Unknown,NA,12.11,No,No,No,Yes,Countless times,NA,NA,Significant sideways movement on handle (loose/wobbly),NA,"Centralisers, Civil works, Bush Bearings",https://api.mwater.co/v3/images/a71e42e390664c498757d179f0c3b9bc; https://api.mwater.co/v3/images/9781537b805149c7af21e55a694978e1; https://api.mwater.co/v3/images/b916545a410f439e8571ee7897bcfbb1; https://api.mwater.co/v3/images/1c41ff9305fc410586c8aef490b9edd8
2/12/2020,Kadewere borehole 10,Borehole or tubewell,-15.7015983,35.2355622,Yes,Yes,Yes,No,https://api.mwater.co/v3/images/3a551a4564504e8badea0d77abbe86ab,No,Yes,No,No,No,No,No,No,NA,NA,NA,No,System is down for maintenance or repair,No,NA,Yes,NA,NA,10/20/2014,6,AOV International,NA,ESS,45,47,Yes,Yes,Yes,Yes,More than 4 times,Other,"Worn out parts  centralisers, foot valve",Significant sideways movement on handle (loose/wobbly),NA,"Centralisers, Foot valve",https://api.mwater.co/v3/images/10b26c91b5c448ae99219e568b38582b
2/12/2020,Kherengeza borehole,Borehole or tubewell,-15.73640483,35.29455488,Yes,Yes,Yes,No,https://api.mwater.co/v3/images/b0a9d064d8714c52abbe05b26b1cccf9,Yes,Yes,No,No,No,No,No,No,Yes,82.223,6,Yes,NA,Yes,"October, November",Yes,NA,NA,7/22/2009,11,AOV International,NA,Unknown,NA,2.63,No,No,No,Yes,Countless times,"Not enough water to meet 250 people demand, Other",Low water levels during dry season,Significant sideways movement on handle (loose/wobbly),NA,"Bush Bearings, Centralisers",https://api.mwater.co/v3/images/f82e8220a1534b7d84c15d6739307136; https://api.mwater.co/v3/images/d2d6c9e9b8c64d60a21b18d88517bafe; https://api.mwater.co/v3/images/38046e34a0104cbb98d833d62969d0ff
2/12/2020,Kadewere5 borehole,Borehole or tubewell,-15.6959,35.2329328,Yes,Yes,Yes,No,https://api.mwater.co/v3/images/6466ee0470ab40dd8325b7e7f8cabb5c,No,No,No,No,No,No,No,No,NA,NA,NA,No,System is down for maintenance or repair,No,NA,Yes,NA,NA,2/20/2014,6,Apex International,NA,KLC,45,328,Yes,Yes,Yes,Yes,More than 4 times,Other,Shortage of rod and wornout centralisers,Normal/satisfactory,NA,"Rods, Centralisers",https://api.mwater.co/v3/images/c10264b5f38746cfacf537813c5bfcbc; https://api.mwater.co/v3/images/add9e980d4764461b44f7c882832ea02
2/12/2020,Nambazo borehole,Borehole or tubewell,-15.6935526,35.2480504,Yes,Yes,Yes,No,https://api.mwater.co/v3/images/768af0f2fe2845259b2624def8392ef9,No,No,No,No,No,No,No,No,NA,NA,NA,No,Other,No,NA,No,Other,The head pump is no longer there,9/12/2014,6,AOV International,NA,KCL,52,NA,Yes,Yes,Yes,Yes,More than 4 times,Other,Theft of the pump head which has resulted into non fuctional of the water point,Other,The handle is not there,NA,https://api.mwater.co/v3/images/ec27510e899b4276a64c0fd810f31e48
2/12/2020,Namulu borehole,Borehole or tubewell,-15.746329,35.2446578,Yes,Yes,Yes,No,https://api.mwater.co/v3/images/3a55dcdc345e411b98b5704f4d028938,Yes,Yes,No,No,No,No,No,No,Yes,62.672,1,Yes,NA,No,NA,Yes,NA,NA,5/6/2013,7,Apex International,NA,China Gansu,NA,8.2,No,No,No,Yes,Countless times,NA,NA,Normal/satisfactory,NA,"Civil works, Bush Bearings, Centralisers",https://api.mwater.co/v3/images/995e1ce41bc443d69907482b20c622f7; https://api.mwater.co/v3/images/3675ecdd68d3403c907818817d8d2039
2/12/2020,Chakwiya 1 borehole,Borehole or tubewell,-15.7074458,35.2711823,Yes,Yes,No,NA,https://api.mwater.co/v3/images/90b1f30d913c4a36a79a81254ed7cdef,Yes,No,No,No,No,No,No,No,Yes,61.863,2,Yes,NA,No,NA,Yes,NA,NA,9/4/2013,7,AOV International,NA,China Gansu,52,27,Yes,Yes,Yes,Yes,More than twice,Not enough water to meet 250 people demand,NA,Normal/satisfactory,NA,NA,NA
2/12/2020,Makatanje borehole 2,Borehole or tubewell,-15.7314245,35.2944294,Yes,Yes,Yes,No,https://api.mwater.co/v3/images/2904a5c5eddc4f5aae57c70d61f0d374,Yes,No,Yes,No,No,No,No,No,No,NA,NA,No,Pipeline blockage / breakage,No,NA,Yes,NA,NA,1/20/2014,6,Other,DELTA international,Government,46,463,Yes,Yes,Yes,Yes,More than twice,Other,Wornout centralisers and pipes,Significant sideways movement on handle (loose/wobbly),NA,"Centralisers, Pipe",https://api.mwater.co/v3/images/d1e1d565cd334796bb53bf7a360ebc0f
2/12/2020,kilowe borehole 4,Borehole or tubewell,-15.7362011,35.2322584,Yes,Yes,Yes,Yes,https://api.mwater.co/v3/images/0bd9c92248c94ec09e2b0dbe74a1e430,No,Yes,Yes,No,No,No,No,No,NA,NA,NA,No,Vandalism,Yes,"September, October, August, November",Yes,NA,NA,9/1/2018,2,Ajay,NA,Everfresh investment,46,5.1,Yes,Yes,Yes,Yes,More than 4 times,"Not enough water to meet 250 people demand, Other",Low water levels,Significant friction (very stiff) at all times,NA,"Pedestal, Bolts",https://api.mwater.co/v3/images/5fe8db14bc84482d86c561f83237c681; https://api.mwater.co/v3/images/3fe322f3702947e0b004226b86674645; https://api.mwater.co/v3/images/204410afeeb442368d7e948206bb23b1; https://api.mwater.co/v3/images/4e3f42cc2fac47a6aab99b566a5ead90
2/12/2020,Kwacha borehole 1,Borehole or tubewell,-15.7171124,35.2840996,Yes,Yes,Yes,No,https://api.mwater.co/v3/images/2076be57cf28434f911bf1a7173c94c8,Yes,Yes,No,No,No,No,No,No,Yes,69.414,5,Yes,NA,No,NA,No,Other,Sealed with cement,9/30/2013,7,AOV International,NA,China Gansu,52,NA,Yes,Yes,Yes,Yes,More than twice,Other,Wornout bush bearings and centilizers,Significant sideways movement on handle (loose/wobbly),NA,NA,NA
2/12/2020,Malambo borehole 2,Borehole or tubewell,-15.7240309,35.2289629,Yes,Yes,Yes,No,https://api.mwater.co/v3/images/0bbea25a187147aaa217b29cbb511c9c,Yes,No,No,No,No,No,No,No,Yes,76.856,4,Yes,NA,No,NA,No,Other,The pump head cover is welded,1/27/2015,5,AOV International,NA,KEIRETSU CO LTD,48,NA,Yes,Yes,Yes,Yes,More than twice,Other,Worn out bush bearings,Significant sideways movement on handle (loose/wobbly),NA,NA,NA
2/13/2020,Masalani primary school borehole,Borehole or tubewell,-15.7448492,35.230952,Yes,Yes,Yes,No,https://api.mwater.co/v3/images/e73fbe18900f436a866105643af9d20b,Yes,Yes,No,No,No,No,No,No,Yes,58.265,2,Yes,NA,No,NA,Yes,NA,NA,1/11/2018,2,Maya Engineering,NA,OG Madzi,46,8.88,No,No,No,Yes,More than 4 times,NA,NA,Significant friction (very stroke) on down stroke,NA,"Bush Bearings, Centralisers",https://api.mwater.co/v3/images/5bde1cd740ab4cd8912e80c506cea049; https://api.mwater.co/v3/images/543a045052f849f8ba40d856fe0ad209
2/13/2020,mkwayi borehole 1,Borehole or tubewell,-15.741582,35.2319861,Yes,Yes,Yes,No,https://api.mwater.co/v3/images/953d7623589944a3ad005b631388c0dc,No,Yes,No,No,No,No,No,No,NA,NA,NA,No,"System is down for maintenance or repair, Vandalism",No,NA,No,Other,No head pump available,11/29/2014,6,Could Not Determine (No plaque available),NA,Saifro,52,NA,No,No,No,Yes,More than 4 times,Other,Rising main fall into the hole,Other,No handle available,NA,https://api.mwater.co/v3/images/5069e8c4f4a24c2e9ef70ccfc5597a6f; https://api.mwater.co/v3/images/fb4c939f2a5949ac9d936863bbfa976d
2/13/2020,Mpuluka borehole 2,Borehole or tubewell,-15.7527623,35.2460847,Yes,Yes,Yes,No,https://api.mwater.co/v3/images/61dca6ac54684cadbd3506153341b9ca,Yes,Yes,No,No,No,No,No,No,Yes,70.399,1,Yes,NA,No,NA,Yes,NA,NA,9/1/2006,14,Apex International,NA,Unknown,NA,NA,No,No,No,Yes,Countless times,NA,NA,Significant sideways movement on handle (loose/wobbly),NA,"Bush Bearings, Bolts",https://api.mwater.co/v3/images/edbe064f20c840648fa57e237d7b7ad9; https://api.mwater.co/v3/images/9d2c78c341b7494b8aaff6a8198ea351; https://api.mwater.co/v3/images/ef5d7bc155804318a07501a0706e5c7b
2/13/2020,Mulelemba 2 borehole,Borehole or tubewell,-15.6821966,35.2432093,Yes,Yes,Yes,No,https://api.mwater.co/v3/images/d3d2303ddd4b4267a05a9c5728adfd22,Yes,No,No,No,No,No,No,No,Yes,95.178,6,Yes,NA,No,NA,Yes,NA,NA,12/12/2014,6,AOV International,NA,KLC,48,36,Yes,Yes,Yes,Yes,More than 4 times,Other,"Worn out rubber, bush bearings and rod centralisers",Significant sideways movement on handle (loose/wobbly),NA,"Centralisers, Bush Bearings, Fulcrum Pin",https://api.mwater.co/v3/images/779d8ee2c03a48939a3e7e4b381c164f; https://api.mwater.co/v3/images/f506fa6a799f4b61b14ecab65c699aef; https://api.mwater.co/v3/images/a51b51a065514eab80351f469fe0a14d; https://api.mwater.co/v3/images/5f84901760574296b0f227669c703d29
2/13/2020,Chipolopolo borehole,Borehole or tubewell,-15.6926169,35.2536974,Yes,Yes,Yes,Yes,https://api.mwater.co/v3/images/0d2e7148f0e1405bbf595d1f0007bad7,Yes,Yes,No,No,No,No,No,No,Yes,58.101,7,Yes,NA,No,NA,Yes,NA,NA,9/13/2013,7,AOV International,NA,China Gansu,46,278,Yes,Yes,Yes,Yes,More than twice,Other,"Wornout parts, bush bearings, rod, rubber, fulcrum pin, centralisers and hanger pin and bolt's and nult",Significant sideways movement on handle (loose/wobbly),NA,"Bush Bearings, Centralisers, Fulcrum Pin, Hanger Pin, Rods",https://api.mwater.co/v3/images/7fd8453c6e1d4a57a79a650064511097; https://api.mwater.co/v3/images/fca67067123b46d9ba81bcb45a391065; https://api.mwater.co/v3/images/1d80f7e3bb504217ac271c6a18e3ada1
2/13/2020,Mkumba borehole 2,Borehole or tubewell,-15.6735761,35.2165856,Yes,Yes,Yes,No,https://api.mwater.co/v3/images/25e7712a51eb41eaa6d0d24b612f884f,Yes,Yes,No,No,No,No,No,No,Yes,71.352,8,Yes,NA,No,NA,No,The handpump is locked,NA,1/14/2001,19,Ajay,NA,Unknown,42,NA,No,No,No,Yes,Countless times,Other,No Any other issues,Significant sideways movement on handle (loose/wobbly),NA,NA,https://api.mwater.co/v3/images/75294c9654bb478188ab3a073894713d
2/13/2020,James borehole,Borehole or tubewell,-15.6463177,35.1783935,Yes,Yes,Yes,No,https://api.mwater.co/v3/images/eace75e6177148628652a1e885aaac42,Yes,No,No,No,No,No,No,No,Yes,85.348,1,Yes,NA,No,NA,No,The handpump is locked,NA,2/1/2003,17,Apex International,NA,Unknown,NA,NA,No,No,No,Yes,Countless times,Other,No Any other issues,Normal/satisfactory,NA,NA,https://api.mwater.co/v3/images/cd1a1719471b4fc69e45bc1903432c1c
2/13/2020,Kanyenda borehole 1,Borehole or tubewell,-15.7088121,35.262577,Yes,Yes,Yes,No,https://api.mwater.co/v3/images/34e31e771f0a4adab7b7c229988379b1,Yes,No,No,No,No,No,No,No,Yes,67.467,3,Yes,NA,No,NA,Yes,NA,NA,5/23/2013,7,Apex International,NA,KLC,44,198,Yes,Yes,Yes,Yes,More than twice,Other,Wornout centralisers and bush bearings,Significant sideways movement on handle (loose/wobbly),NA,"Bush Bearings, Centralisers",https://api.mwater.co/v3/images/c63a3f31d17141e2986aa304aba382fe; https://api.mwater.co/v3/images/ede4b05d401a420ab065f17771593f13
2/13/2020,Chimenya 2 borehole,Borehole or tubewell,-15.6344612,35.1850491,Yes,Yes,Yes,No,https://api.mwater.co/v3/images/222fe45c69f641289ed77d849a3a04fb,Yes,Yes,No,No,No,No,No,No,Yes,99.317,2,Yes,NA,No,NA,Yes,NA,NA,10/30/2014,6,AOV International,NA,KCL,NA,9.34,No,No,No,Yes,Countless times,NA,NA,Significant sideways movement on handle (loose/wobbly),NA,"Bolts, Bush Bearings, Centralisers, Foot valve, Cup Seal , Civil works",https://api.mwater.co/v3/images/83891dd46ceb4fa58fabf31389e3b453; https://api.mwater.co/v3/images/b5509e30aa8e4a7ca5da112564546f20
2/13/2020,Kandeya borehole,Borehole or tubewell,-15.633798,35.1951845,Yes,Yes,Yes,No,https://api.mwater.co/v3/images/7ba476fda1b44fb2be14112fd0c44178,Yes,Yes,Yes,No,No,No,No,No,Yes,76.443,1,Yes,NA,No,NA,Yes,NA,NA,8/22/2005,15,Apex International,NA,Unknown,NA,7.31,No,No,No,Yes,Countless times,NA,NA,Normal/satisfactory,NA,"Centralisers, Bush Bearings",https://api.mwater.co/v3/images/72be021ab41d40bd8feb7e1f7989ad11; https://api.mwater.co/v3/images/b946cbfae7894770a5bdab045f4a7caf
2/13/2020,Makaluka borehole 1,Borehole or tubewell,-15.7101034,35.2262446,Yes,Yes,Yes,Yes,https://api.mwater.co/v3/images/faaeb5d3b5cd433da29355248bf101e0,No,No,No,No,No,No,No,No,NA,NA,NA,No,Theft,No,NA,No,Other,The pump head was stolen,9/17/2014,48,Apex International,NA,KLC,48,NA,Yes,Yes,Yes,Yes,More than 4 times,Other,Theft of head pump,Other,The handle is not there due to theft,NA,https://api.mwater.co/v3/images/55c7ed70898b491aa8e90f7c8d5c84cf
2/14/2020,Tapala borehole ll,Borehole or tubewell,-15.6369661,35.1912586,Yes,Yes,Yes,No,https://api.mwater.co/v3/images/208e15e2272f462abb81842afae27f5f,Yes,No,No,No,No,No,No,No,Yes,73.498,5,Yes,NA,Yes,October,Yes,NA,NA,9/25/2014,6,BRD Engineering,NA,KLC,42,239,Yes,Yes,Yes,Yes,More than twice,Other,Wornout bush bearings and centralisers,Significant sideways movement on handle (loose/wobbly),NA,"Bush Bearings, Centralisers",https://api.mwater.co/v3/images/d7d0ed9457864acd85bbad8429d9fce0; https://api.mwater.co/v3/images/bb42052eb440436f96b6de19a87a798f; https://api.mwater.co/v3/images/45c54236c23342daa509d2c46cde0081; https://api.mwater.co/v3/images/82a8a7b703d0424f8fb968a670a60f51
2/17/2020,Selemani borehole 2,Borehole or tubewell,-15.7761729,35.2662362,Yes,Yes,Yes,No,https://api.mwater.co/v3/images/510da560dc8d4593b002996d0daa8ee0,Yes,No,No,No,No,No,No,No,Yes,88.029,4,Yes,NA,No,NA,No,Other,The head pump cover is welded,1/25/2015,5,AOV International,NA,KLC,36,NA,Yes,Yes,Yes,Yes,More than twice,Other,Wornout bush bearings and rubber,Significant sideways movement on handle (loose/wobbly),NA,NA,https://api.mwater.co/v3/images/711328ec7631407f93bb105cc8ce6be3; https://api.mwater.co/v3/images/82697a4923a74ff782bbc15a61bbd66b
11/2/2020,Muonjeza Borehole,Borehole or tubewell,-15.80007,35.3000583,Yes,Yes,Yes,No,https://api.mwater.co/v3/images/705d1d7d2535438a9dbe2baa6a3a59a0,No,Yes,No,No,No,No,No,No,NA,NA,NA,No,"Inadequate water supply , Seasonal shortages",Yes,"December, November, October, September, August, July , June",No,"The handpump is locked , Other",There is no bolts and nuts so used to wires,5/29/2015,5,Other,No well observed,China gatsu,NA,NA,No,No,No,No,More than 4 times,"It is shallow, Not enough water to meet 250 people demand",NA,Very light,NA,NA,https://api.mwater.co/v3/images/aa2b6a1f9c264433968ec104346e4b1b
11/3/2020,Muliva borehole 3,Borehole or tubewell,-15.7832875,35.2672932,Yes,Yes,Yes,No,https://api.mwater.co/v3/images/27c4f17f06b5410e9210ad99b9d5f1df,Yes,Yes,Yes,No,No,No,No,No,Yes,481.452,15,Yes,NA,Yes,"October, November, September, August, July , June, May, April",Yes,NA,NA,8/2/2020,1,AOV International,NA,Water well malawi,40,NA,No,No,No,Yes,More than twice,"It is not straight, Not enough water to meet 250 people demand, It is shallow",NA,Normal/satisfactory,NA,"Apron, Bush Bearings, Fulcrum Pin, Centralisers",https://api.mwater.co/v3/images/64c823d33aa8420bb61deebd5b1a6156; https://api.mwater.co/v3/images/01780d4f9d4741a396b15a91e5d64b54; https://api.mwater.co/v3/images/8f79ea72b262408795a6675d18e32e14
11/3/2020,Chiwayula  borehole 2,Borehole or tubewell,-15.82980754,35.24931918,Yes,Yes,Yes,No,https://api.mwater.co/v3/images/06dcbee627bb4cb092517649f1c97acc,Yes,Yes,No,No,No,No,No,No,Yes,363.093,6,Yes,NA,Yes,"January, February, March, April, May, June, July , August, September, October, November, December",Yes,NA,NA,9/6/2014,6,Apex International,NA,Kayeretsu,45,NA,No,No,No,Yes,Countless times,"Not enough water to meet 250 people demand, Other",Very little amount of water,Significant friction (very stroke) on down stroke,NA,"Bush Bearings, Centralisers, Fulcrum Pin, Hanger Pin, Handle , Pump Head",https://api.mwater.co/v3/images/48295fa7de1d48c484c69342a1f40069; https://api.mwater.co/v3/images/30babefd2bc34a70a7ab1f374cb1f5ee; https://api.mwater.co/v3/images/da47fe9c5e894b5e82936adb5ec4f608
11/6/2020,Tawakali borehole,Borehole or tubewell,-15.8192768,35.2462782,Yes,Yes,Yes,No,https://api.mwater.co/v3/images/a841f4d7aecb4ef49c068285015349a8,Yes,Yes,No,No,No,No,No,No,Yes,206.358,4,Yes,NA,Yes,"July , August, September, October, November, December",No,The handpump is locked,NA,11/6/2020,NA,Maya Engineering,NA,Unknown,40,NA,No,No,No,Yes,Countless times,"It is shallow, Not enough water to meet 250 people demand",NA,Very light,NA,NA,https://api.mwater.co/v3/images/630d788d35df491f8a73eed16db8d9ad; https://api.mwater.co/v3/images/052a0903514046398b2b99581b7751c2
